{"cameraMode":{"drawMode":0,"name":"Shaded","section":"Shading Mode"},"sceneLighting":false,"audioPlay":false,"sceneViewState":{"m_AlwaysRefresh":false,"showFog":true,"showSkybox":true,"showFlares":true,"showImageEffects":true,"showParticleSystems":true,"showVisualEffectGraphs":true,"m_FxEnabled":true},"in2DMode":false,"pivot":{"x":2.2892446517944338,"y":-4.3489298820495609,"z":-12.62809944152832},"rotation":{"x":0.14208325743675233,"y":0.3063351809978485,"z":-0.046298280358314517,"w":0.9401102662086487},"size":12.12435531616211,"orthographic":false}