{"cameraMode":{"drawMode":0,"name":"Shaded","section":"Shading Mode"},"sceneLighting":true,"audioPlay":false,"sceneViewState":{"m_AlwaysRefresh":false,"showFog":true,"showSkybox":false,"showFlares":true,"showImageEffects":true,"showParticleSystems":true,"showVisualEffectGraphs":true,"m_FxEnabled":true},"in2DMode":false,"pivot":{"x":1.6714210510253907,"y":6.911026954650879,"z":82.60453033447266},"rotation":{"x":0.053800903260707858,"y":-0.08019774407148361,"z":0.004317344631999731,"w":0.9953380227088928},"size":50.44493865966797,"orthographic":false}